{
  "version": 1,
  "type": "BKT",
  "parameters": {
    "pInit": 0.47331792306340953,
    "pLearn": 0.0059981542628845625,
    "pSlip": 0.7047780461856011,
    "pGuess": 0.6773879259454412
  }
}